概念名称,ConceptId:ID,:LABEL
股权激励,10000000,概念
涉矿概念,10000001,概念
业绩预降,10000002,概念
三沙概念,10000003,概念
融资融券,10000004,概念
参股金融,10000005,概念
土地流转,10000006,概念
锂电池,10000007,概念
节能环保,10000008,概念
ST板块,10000009,概念
油气改革,10000010,概念
页岩气,10000011,概念
基金重仓,10000012,概念
保险重仓,10000013,概念
新能源,10000014,概念
IP变现,10000015,概念
重组概念,10000016,概念
上海本地,10000017,概念
资产注入,10000018,概念
含B股,10000019,概念
金融改革,10000020,概念
军工航天,10000021,概念
稀土永磁,10000022,概念
军民融合,10000023,概念
养老概念,10000024,概念
核电核能,10000025,概念
金融参股,10000026,概念
新三板,10000027,概念
高校背景,10000028,概念
创投概念,10000029,概念
3D打印,10000030,概念
黄金概念,10000031,概念
业绩预升,10000032,概念
机器人概念,10000033,概念
智能机器,10000034,概念
准ST股,10000035,概念
IPV6概念,10000036,概念
整体上市,10000037,概念
分拆上市,10000038,概念
网络游戏,10000039,概念
沿海发展,10000040,概念
4G概念,10000041,概念
太阳能,10000042,概念
云计算,10000043,概念
安防服务,10000044,概念
超导概念,10000045,概念
物联网,10000046,概念
5G概念,10000047,概念
博彩概念,10000048,概念
赛马概念,10000049,概念
黄河三角,10000050,概念
电子支付,10000051,概念
特斯拉,10000052,概念
石墨烯,10000053,概念
文化振兴,10000054,概念
上海自贸,10000055,概念
迪士尼,10000056,概念
国企改革,10000057,概念
燃料电池,10000058,概念
氢燃料,10000059,概念
污水处理,10000060,概念
铁路基建,10000061,概念
深圳本地,10000062,概念
生物质能,10000063,概念
海峡西岸,10000064,概念
空气治理,10000065,概念
固废处理,10000066,概念
低碳经济,10000067,概念
循环经济,10000068,概念
体育概念,10000069,概念
食品安全,10000070,概念
绿色照明,10000071,概念
东亚自贸,10000072,概念
自贸区,10000073,概念
振兴沈阳,10000074,概念
皖江区域,10000075,概念
QFII重仓,10000076,概念
含H股,10000077,概念
民营银行,10000078,概念
武汉规划,10000079,概念
信托重仓,10000080,概念
成渝特区,10000081,概念
海上丝路,10000082,概念
券商重仓,10000083,概念
图们江,10000084,概念
粤港澳,10000085,概念
广东自贸,10000086,概念
长株潭,10000087,概念
农村金融,10000088,概念
股期概念,10000089,概念
雄安新区,10000090,概念
婴童概念,10000091,概念
聚氨酯,10000092,概念
碳纤维,10000093,概念
摘帽概念,10000094,概念
京津冀,10000095,概念
出口退税,10000096,概念
风能,10000097,概念
风能概念,10000098,概念
基因概念,10000099,概念
含可转债,10000100,概念
外资背景,10000101,概念
保障房,10000102,概念
海工装备,10000103,概念
丝绸之路,10000104,概念
节能,10000105,概念
生物燃料,10000106,概念
社保重仓,10000107,概念
地热能,10000108,概念
陕甘宁,10000109,概念
前海概念,10000110,概念
海水淡化,10000111,概念
智能电网,10000112,概念
可燃冰,10000113,概念
多晶硅,10000114,概念
蓝宝石,10000115,概念
水利建设,10000116,概念
智能交通,10000117,概念
O2O模式,10000118,概念
新零售,10000119,概念
本月解禁,10000120,概念
日韩贸易,10000121,概念
送转潜力,10000122,概念
生物疫苗,10000123,概念
抗流感,10000124,概念
抗癌,10000125,概念
苹果概念,10000126,概念
阿里概念,10000127,概念
装饰园林,10000128,概念
免疫治疗,10000129,概念
充电桩,10000130,概念
甲型流感,10000131,概念
超级细菌,10000132,概念
民营医院,10000133,概念
维生素,10000134,概念
基因芯片,10000135,概念
基因测序,10000136,概念
超大盘,10000137,概念
央企50,10000138,概念
未股改,10000139,概念
互联金融,10000140,概念
触摸屏,10000141,概念
建筑节能,10000142,概念
智能家居,10000143,概念
汽车电子,10000144,概念
电商概念,10000145,概念
天津自贸,10000146,概念
三网融合,10000147,概念
卫星导航,10000148,概念
水域改革,10000149,概念
稀缺资源,10000150,概念
风沙治理,10000151,概念
生态农业,10000152,概念
生物育种,10000153,概念
猪肉,10000154,概念
奢侈品,10000155,概念
草甘膦,10000156,概念
内贸规划,10000157,概念
智能穿戴,10000158,概念
宽带提速,10000159,概念
信息安全,10000160,概念
国产软件,10000161,概念
